﻿<addon id="repository.emad.kodi3" name="EMAD KODI3 Repository" version="5.6.0" provider-name="EMAD MAHDI">
	<extension point="xbmc.addon.repository" name="EMAD KODI3 Repository">
		<dir>
			<info compressed="false">https://github.com/emadmahdi/KODI3/raw/master/ADDONS/addons.xml</info>
			<checksum>https://github.com/emadmahdi/KODI3/raw/master/ADDONS/addons.xml.md5</checksum>
			<datadir zip="true">https://github.com/emadmahdi/KODI3/raw/master/ADDONS/</datadir>
		</dir>
	</extension>
	<extension point="xbmc.addon.metadata">
		<summary lang="en">Install addons from EMAD</summary>
		<description lang="en">Download and install addons from EMAD</description>
		<platform>all</platform>
	</extension>
</addon>
