﻿<addon id="repository.emad.all" name="EMAD All Repositories" version="5.6.0" provider-name="EMAD MAHDI">
	<extension point="xbmc.addon.repository" name="EMAD All Repository">
	</extension>
	<requires>
		<import addon="repository.emad.github" optional="false"/>
		<import addon="repository.emad.gitee" optional="false"/>
		<import addon="repository.emad.devs" optional="false"/>
	</requires>
	<extension point="xbmc.addon.metadata">
		<summary lang="en">Install addons from EMAD</summary>
		<description lang="en">Download and install addons from EMAD</description>
		<platform>all</platform>
	</extension>
</addon>
